{"credit.policy": -0.021504941608643077, "int.rate": 0.0014335327740784068, "installment": 0.0008487701031417849, "log.annual.inc": 0.005912724540206774, "dti": 0.010893275277372471, "fico": -0.003375835557939635, "days.with.cr.line": -2.4506634693582893e-05, "revol.bal": 2.351695748172065e-06, "revol.util": 0.0013740218423117052, "inq.last.6mths": 0.13620312771410212, "delinq.2yrs": 0.004460231201287482, "pub.rec": 0.00625379908067109, "purpose_credit_card": -0.008081875739804411, "purpose_debt_consolidation": -0.010893786444814183, "purpose_educational": 0.002755225478398563, "purpose_home_improvement": 0.00224451744425811, "purpose_major_purchase": -0.00156901302598369, "purpose_small_business": 0.01054051580223665}